t,y2,x
0.0,0.01,0.1
0.001,-11.792538754435661,-0.6228996073314337
0.002,-1.553861353824357,-1.1569692062405998
0.003,-8.44258925138946,-1.5290175315137027
0.004,17.46884477360447,-1.535485214971683
0.005,-12.851516705590322,-1.7607727992174167
0.006,4.770929243750878,-1.8030837335302445
0.007,0.8597807051831811,-1.287990253210074
0.008,4.6452774714096225,-1.3329382471144349
0.009,-7.390716365899688,-1.2051681004584531
0.01,1.1112415788082264,-1.59926737654162
0.011,4.852235184883921,-1.5323487723098743
0.012,17.212979179738557,-1.4597475769336847
0.013,-19.087895211677015,-1.57075809546146
0.014,-13.48190699956734,-1.4146552828199754
0.015,-2.6198780635464742,-1.4877807242304522
0.016,2.873406933917981,-1.739903828739646
0.017,-3.2092839796005377,-1.9015622460012753
0.018,-3.3140998028501447,-1.8438220918360813
0.019,-10.807360662359374,-1.8047132305117506
0.02,15.360688457864873,-1.9892986157040322
0.021,-10.724050752188282,-1.9228648729304316
0.022,4.0960630200343395,-1.9680636917342167
0.023,-3.7185867873533156,-1.922956615659924
0.024,-3.5476104926740724,-1.9665484615019342
0.025,-15.103741136097616,-2.3355782647684653
0.026,2.1819475389894336,-2.714937488730088
0.027,-13.396688237559633,-2.360589106315152
0.028,18.62603785052782,-2.239021323425065
0.029,-8.652733032299992,-1.961280177360636
0.03,2.9109870021989015,-2.00047646442061
0.031,3.744370118905016,-1.838091855095606
0.032,-8.800537569770523,-1.808463819412308
0.033,1.887833285126194,-1.576807963507121
0.034,4.634661916721067,-1.6204190397033522
0.035,0.5842630067785648,-1.6775051162210286
0.036,1.3088115966520615,-1.9794189699081715
0.037,3.4547105216245644,-2.027252031463858
0.038,-0.6940445081140072,-1.7702719619971978
0.039,-0.20999680705170232,-1.8151307300550785
0.04,-5.335715710343031,-1.3038982865666715
0.041,11.906937222298053,-0.9863867080830574
0.042,-1.705931749305627,-0.726440336882587
0.043,15.755987200897419,-0.7809499619943736
0.044,-3.3901995941428824,-1.1417552442631196
0.045,-5.50875741877509,-0.7348936250437135
0.046,-9.973956286927564,-0.7930639926468162
0.047,7.282391201665125,-0.817335772970404
0.048,2.693732172167296,-0.5136860318697102
0.049,0.05145507458138648,-0.3594456561025732
0.05,3.654165405811484,-0.19824089471469042
0.051,1.5206513385947975,-0.15250940175894828
0.052,-13.753802956057712,0.08781962980459708
0.053,1.0706901994003613,0.5217097994833462
0.054,-1.3877173283494737,0.4645634318632475
0.055,3.2695131968039535,0.3186208675877156
0.056,3.7548424681392074,0.3722239154968222
0.057,-2.9687795505556447,0.618918335943375
0.058,10.301146387108076,0.7952705347815321
0.059,-14.518315224411028,1.0058172754860673
0.06,-1.8860490340042169,0.7209324652308141
0.061,3.0465594331935666,0.6827092296082333
0.062,-12.769938298365007,0.4727939054107775
0.063,-2.8186348185580887,0.2014884181732481
0.064,6.09328687831645,0.1725139902707621
0.065,1.6463973237622425,0.316040307636211
0.066,22.148282990666317,0.5104295706008791
0.067,1.507459145685876,0.31775413627635946
0.068,4.345050748547519,0.06163074112312458
0.069,7.819748812017779,0.02054173912255905
0.07,-0.021599865065615922,0.10977741552583455
0.071,-0.8651813761653496,-0.15313675698071164
0.072,7.072031425056026,0.11672947729871587
0.073,-18.456702944977657,-0.0836999843113924
0.074,0.7763448904667979,-0.35676617795570054
0.075,4.12304243712743,-0.2991091952229634
0.076,-12.37975725499339,-0.07059194892043197
0.077,-15.078152218165648,-0.2293218440774648
0.078,-0.005753510447622558,0.0018424561624227388
0.079,6.307531177118923,0.16276272811844344
0.08,-1.7165828759242996,0.46525872993590556
0.081,17.61167567497321,0.7654516573624602
0.082,-1.4465904863256216,0.7269781308496728
0.083,2.1419777430530647,0.5822825234704413
0.084,-12.72573601256571,0.39357123160528423
0.085,7.848023740400785,0.21152208336753597
0.086,-0.9106230721563916,0.3664670275609398
0.087,11.33408558300342,0.4411573468232008
0.088,-10.785249501260681,0.5642933009133848
0.089,9.265928140741085,0.5767812488281613
0.09,10.718297478670419,0.7302948932536594
0.091,0.8843691201821136,0.6835235421739077
0.092,2.3781655457609414,0.6346817173274141
0.093,-12.535480025832584,0.3407115158894407
0.094,-4.9776464360676576,0.262323082547715
0.095,11.999687966115758,0.030840603630147116
0.096,-5.6810857842484515,0.05338988102674005
0.097,14.897664698987043,0.15594026128172073
0.098,5.114965826073453,0.21689142960043623
0.099,-1.9564274698927542,-0.04205832208723257
0.1,-15.574645820345832,-0.44745007322038166
0.101,-12.770932303426735,-0.4022590458164079
0.102,2.9794540204925783,-0.14209169232802388
0.103,2.997704410761093,0.11619347746451075
0.104,5.939850156141969,0.07267091245676996
0.105,-18.715802047069847,0.07139758136434313
0.106,9.498570466476526,-0.02119868329417124
0.107,0.905431066067734,0.16458054461407054
0.108,10.130748819820809,0.47334508143632187
0.109,-5.237596654418707,0.7237841369882242
0.11,-5.181839801088044,0.571142799803135
0.111,20.1863250296041,0.7730705821985557
0.112,-1.480516453930979,1.0475025203152228
0.113,20.085733853632696,0.6091298271569876
0.114,7.678842290878862,0.5378431936884137
0.115,-3.0223293567165945,0.5246329538880357
0.116,1.7217075745831114,0.27373291377322295
0.117,8.72144987555454,0.5425076538503274
0.118,-4.493406708822243,0.11663810739741338
0.119,4.761278430149916,0.38191497547793124
0.12,3.251704950347405,0.22395203228968433
0.121,3.5811762905421114,0.27586289450739787
0.122,-12.451185833587186,0.3080125235821837
0.123,0.19845013861582955,0.527771511529351
0.124,-1.530375949635079,0.47469534497378485
0.125,4.993117930307951,0.6429496778360951
0.126,8.944919855331994,0.49488765440048715
0.127,-0.06008255496218531,0.26942052671422684
0.128,1.343509846914364,0.11721708961288174
0.129,2.874746586135897,0.17587842221782846
0.13,-2.658225136682164,0.5282675114834647
0.131,-6.899252106924744,0.6714910950261351
0.132,5.350044804249903,0.49404458740735135
0.133,8.890860699549037,0.44976601992070564
0.134,1.1259102735176774,0.7458155495684593
0.135,-0.8003707709614449,0.6893930619601703
0.136,-0.9881856999594629,0.6366736321607323
0.137,-8.344042841749735,0.5740877777012249
0.138,6.201448281610787,0.5444633683425262
0.139,9.994880389148195,0.6068575248530491
0.14,-0.47352021752318085,0.38267879881058364
0.141,2.7520547069996875,0.3303558088261937
0.142,-3.6196736583847744,0.2749308423629232
0.143,-0.47239170274056497,0.12212583249025921
0.144,-9.041502139689621,0.25850147505494914
0.145,-16.62794346398593,-0.0023595522214863206
0.146,9.231341864774848,0.22531727209289495
0.147,2.4294812507792325,0.49144370532169024
0.148,-1.186122162505179,0.5356865532046546
0.149,1.0476845440266747,0.5920683577109076
0.15,-2.425388895452534,0.5339499894414045
0.151,-8.649430398221696,0.36387213409331326
0.152,-4.9266784196842694,0.380896850909524
0.153,3.8464737750447684,0.23409706604664718
0.154,-5.281312088734272,0.37465005571166704
0.155,13.270102547216402,-0.03455049661805254
0.156,6.689034126730189,-0.27807038540744383
0.157,7.195427566407522,-0.12256267687997764
0.158,-7.213497279775462,-0.0963234730693432
0.159,-13.430819271169218,-0.49217283821993396
0.16,-3.5551344896373136,-0.3472662069240281
0.161,1.628194735938255,-0.49492960376974515
0.162,-8.211045540247499,-0.6710168744521176
0.163,-15.693780608136866,-0.9478550525032691
0.164,19.68224388415165,-1.2526665298609998
0.165,7.006117329717365,-1.469056549926841
0.166,2.2097837339004944,-1.2641197776623714
0.167,-0.11602314119993487,-1.2188121789754243
0.168,-23.0895257978827,-1.0913082605351476
0.169,-0.5530709575158047,-1.1181639056255799
0.17,0.3198605941896484,-1.271807202803787
0.171,-2.6745000312392477,-1.2179039906010796
0.172,-3.862543871553621,-1.3763350206499674
0.173,10.091133306577525,-1.4023915342341748
0.174,0.18712727611911598,-1.6299765215723079
0.175,5.042084762204299,-1.7684202984980801
0.176,9.29708440520716,-1.5035465691745806
0.177,-14.654942268901534,-1.48415616231554
0.178,-16.356723490739043,-1.4563038751860014
0.179,-1.0435291432447025,-1.6698177051281042
0.18,9.408052264961091,-1.097075953207785
0.181,6.660551461421585,-1.34672377528368
0.182,-1.6306835211118471,-1.3535303858602865
0.183,-0.8964350117847528,-1.3023648666323013
0.184,1.87244968259685,-1.0375451299115777
0.185,-3.341551452492044,-1.0435125276690678
0.186,-1.256921988090855,-0.9890221233911469
0.187,-1.43067254861757,-0.8394526999766831
0.188,3.561927470067131,-0.9836360581896608
0.189,13.243597813536645,-0.9165655941478466
0.19,17.0167597697309,-0.8628214187174906
0.191,-0.6555047436897758,-1.0939522612036539
0.192,0.7655584569536041,-1.352350320714952
0.193,-4.8916729287905545,-1.4101799999896225
0.194,-15.585161314077855,-1.4944360804873695
0.195,-13.432392661249656,-1.5379403534398164
0.196,5.139820690565465,-1.6948102793951452
0.197,5.069672063213628,-1.1709476995177521
0.198,11.683322565214775,-0.787641561305954
0.199,1.6040644329249505,-0.45784102651183295
0.2,13.244963204099594,-0.07217882153434729
0.201,-1.1453965920678717,-0.30751184839090345
0.202,-4.479723352722941,-0.3619246355150745
0.203,1.7154295957715278,-0.45302826579452904
0.204,-4.515379576028668,-0.10451689028631939
0.205,11.018173840857907,-0.4438309011284572
0.206,8.459128112955614,-0.39690545880052497
0.207,7.155219860682904,0.024333045635463076
0.208,17.897468239972966,0.10018145688908299
0.209,9.863055978071875,0.2652990012464505
0.21,-1.6206269559338398,0.20940310498280829
0.211,2.287926600059569,0.1696661870271313
0.212,-1.1841621116500227,0.10869905018043421
0.213,-5.403443932329465,-0.05557267524663164
0.214,12.130101317963177,0.024254830817243982
0.215,-9.495139275332653,0.04597272726459956
0.216,-6.680173483510767,0.10572246823398226
0.217,7.874158212527869,-0.08095404656621352
0.218,5.767472051404379,-0.3483247145660225
0.219,1.8178107328640287,-0.5601942523567243
0.22,-2.3687776525657336,-0.7246570014537802
0.221,2.443771671963082,-0.9715511930983161
0.222,-5.5793549397867315,-0.9347045236486793
0.223,7.998073234063178,-0.8605121764757389
0.224,14.373306363905234,-0.7762337431544846
0.225,3.8393919706969415,-0.9228991844873587
0.226,-2.2010930663161345,-0.983682689008115
0.227,14.867535246812686,-1.1918020367097424
0.228,-2.5254915944897283,-1.4487183935994696
0.229,4.16998044772894,-1.227777694789401
0.23,-12.238631611441347,-0.7904767281607007
0.231,14.477161852727953,-0.9882848337483122
0.232,-5.440123237536556,-1.0406532548789325
0.233,5.4252025756363125,-1.2221108345201428
0.234,5.262161189490577,-1.2729409932715376
0.235,7.642168797674742,-1.179831880206184
0.236,-3.660805068879967,-1.0331149472358652
0.237,-15.993660979669906,-1.3182724782476005
0.238,-9.368791385564084,-1.2812328492734189
0.239,2.5631911778867322,-1.5343591460492496
0.24,9.512314399969041,-1.6762153897719707
0.241,-11.896514038473306,-1.4471929717447185
0.242,13.839883092869766,-1.4483170994861434
0.243,1.744124441733849,-1.167766090145047
0.244,-0.47706958528803317,-1.1159193240085026
0.245,-1.9460875887030884,-1.1753366237534857
0.246,-16.672616270036322,-1.5613871290135788
0.247,1.9394217247436745,-1.9404299657808617
0.248,2.903544441795627,-1.570260429600774
0.249,-12.644084360969504,-1.3372692629990377
0.25,13.268103243695615,-1.348752711981863
0.251,-4.306493007028609,-1.7892556121548735
0.252,-11.105814435760058,-1.9484760885962342
0.253,4.113157590167982,-1.6002325682968392
0.254,7.612538518484825,-0.9726444210540074
0.255,8.176576632712028,-0.922756319501132
0.256,0.6756432597215689,-0.7800865477394522
0.257,8.034228750597672,-0.989710804686729
0.258,-3.699459167279839,-0.6304905893817627
0.259,-5.486045146817007,-0.6877102677740325
0.26,-8.513228203231623,-1.090910826298357
0.261,-1.3557745439629558,-0.7345008175300202
0.262,-1.2166690335445167,-0.7843924519292713
0.263,-12.253193765483921,-0.8568812249896183
0.264,-14.135013837830735,-0.8114270079227156
0.265,-14.064902722209363,-0.9805254584212473
0.266,1.119111014507009,-1.2451875981564333
0.267,-6.973472244513275,-1.412768438144926
0.268,0.6740393128567415,-1.4053545294759404
0.269,-4.282321264645403,-1.0469469815326293
0.27,-19.79055124968095,-0.8021478069282
0.271,-5.5767655465635855,-0.7282613585848198
0.272,10.832942816681427,-0.7840393940655865
0.273,-3.978908705963566,-0.532272890274217
0.274,-1.6250020507759542,-0.6797810968096524
0.275,-2.6916141172980024,-0.5254560705176969
0.276,-4.313673318050622,-0.22319480785806267
0.277,6.482496256984499,-0.3129066219949859
0.278,0.9464293691892113,-0.3654032368138295
0.279,-9.308667468889578,-0.22848393665342628
0.28,12.175625843661011,-0.24782212403576195
0.281,0.6593653975223721,-0.055275721142993485
0.282,13.193150352168043,0.4560504352178023
0.283,-1.0886567891961831,0.7205855823002838
0.284,-14.353964528158794,0.4394531000226263
0.285,0.828694128412963,0.3613332902541113
0.286,-1.0998436096987407,0.20155321023247616
0.287,5.363902890104172,0.16279924139339014
0.288,-6.631859398035767,0.25485791433685234
0.289,-3.4736516577535,0.20098799589376187
0.29,-3.335598929651314,0.04476693679116715
0.291,-2.35868859395733,-0.2141156004232712
0.292,13.198583678625834,0.06787052539008917
0.293,-20.031257220974172,-0.02721628262163461
0.294,-1.0985997169861974,-0.0014727535191137876
0.295,-0.593860602162729,0.2585843336247818
0.296,2.6110054507339053,0.20897441732601413
0.297,-2.7552856420350094,0.04286900936869854
0.298,4.258195719892972,-0.19663426241609577
0.299,19.61344727580863,0.19112273442772273
0.3,4.0696178552558795,-0.25202166828867767
0.301,1.088690217777053,-0.3103693139089948
0.302,-8.441231927903726,-0.27642644156319934
0.303,7.677904656803965,-0.19686614678284428
0.304,-17.623373952179993,0.027948191456419764
0.305,1.5223481285727798,0.05435772265142614
0.306,2.9108141025700434,0.00352214314128958
0.307,1.6014404211366335,-0.05184844130743279
0.308,10.746743832270738,-0.29658547160178644
0.309,18.89206574073063,-0.03177468100127516
0.31,2.5965826634417306,-0.1499408083967485
0.311,5.400247401374284,0.11262544308424156
0.312,0.10350137983938767,0.2563801361905152
0.313,4.922560579799221,-0.26008671439014736
0.314,-19.511738162223967,-0.03623683721149397
0.315,-8.563379491621275,0.10013604109704655
0.316,12.033086366996134,0.04018887952062475
0.317,-3.9569666840072286,0.2466775370241814
0.318,11.153680693662087,0.04502903790437974
0.319,-1.5466156862342018,0.3070127364570316
0.32,-0.7373311966542032,0.3581914894483709
0.321,1.1642279125258392,0.41339952597025775
0.322,-4.037528798146054,0.5578601964674281
0.323,6.829702040883036,0.7321340250165722
0.324,-7.692305701145506,0.4105544220470627
0.325,-1.7412617347825983,0.2565525673648401
0.326,-2.005475904777445,0.20486391347538868
0.327,-3.315732867271182,-0.060857486706839874
0.328,-14.203856198922308,-0.25556018217928567
0.329,15.95401149758058,-0.44872294915265004
0.33,1.7159361612235582,-0.5703115682329339
0.331,-5.3248987035711,-0.8429502432836113
0.332,-3.3632830901138364,-0.8892895770287366
0.333,-2.7754481798291413,-0.939924477388148
0.334,8.663722435964445,-0.6258099462363121
0.335,2.0679029917694556,-0.5742999802050467
0.336,-1.1834072733092613,-0.4237708543367479
0.337,4.498439925036426,-0.46164872967062714
0.338,10.02273239415966,-0.6043280607801826
0.339,3.660023108226259,-0.6198060182795556
0.34,-4.04971517951679,-0.6885733986737221
0.341,13.734784296808792,-0.5049778685417138
0.342,9.43636216675771,-0.630188552507116
0.343,2.6352151427368957,-0.7297465760082381
0.344,8.822586349369177,-1.233090708387777
0.345,-13.852107995003678,-1.3484000124949793
0.346,18.486884250256924,-1.3155383163017944
0.347,-3.3342434205778,-1.0451126949763567
0.348,3.5296737331529875,-1.2934825651240707
0.349,-3.7633367828311393,-1.0485075408699047
0.35,5.333827683320724,-0.8788350615239776
0.351,-5.629004257145534,-1.2001286261847455
0.352,-8.079171331062211,-1.5751464326938913
0.353,7.938550541850417,-1.6988130781557516
0.354,-16.26180974291939,-1.7790480470497267
0.355,-10.802399654510522,-1.6499990248003968
0.356,1.8100764894915256,-2.0086803639734985
0.357,-2.4137563416134658,-2.059331472195114
0.358,-1.4393201146774341,-1.6424325436735465
0.359,2.776800002415284,-1.6782057322013424
0.36,-15.955202531793338,-1.7802946730229574
0.361,-0.3785009972939537,-1.942250651339668
0.362,-1.7623129885722701,-1.9848874747805287
0.363,-10.430096132636267,-1.638204545951701
0.364,5.297557572500149,-1.5092819115071971
0.365,-0.013221652196889186,-1.5573913067509533
0.366,-0.4273559206699635,-1.6131590720454358
0.367,-8.922501640816908,-1.4628703670035292
0.368,18.304086228189856,-1.2554126858776744
0.369,0.7834045008090351,-1.0858453719033376
0.37,-12.839711445898622,-1.1336739049855653
0.371,-3.006616675880941,-0.8807103471031946
0.372,-11.140773337924195,-1.0308324366535728
0.373,-1.9230162144228828,-0.7798685301786297
0.374,3.6553962701009493,-0.8206824848145118
0.375,7.9600092663224755,-0.7629090268543219
0.376,-0.14755108119643595,-0.7256227457465168
0.377,-17.86530425213156,-0.24321796718649663
0.378,-0.4012704006604836,0.10583629657457332
0.379,-0.9954293692074994,0.04816874402104197
0.38,-9.468867276213874,0.394640554219175
0.381,-0.48117603479186255,0.5184672413837371
0.382,3.5784734710480013,0.3737686167554607
0.383,-14.554923399893424,0.60405605667575
0.384,18.779714298358666,0.5109363517286603
0.385,-1.3446345997234264,0.36424484961526676
0.386,0.29774979572896776,0.4215542305982987
0.387,-2.6170205230869046,0.6745381401020433
0.388,12.325444671374076,0.6467776538319411
0.389,18.979643284342053,0.8156710573347129
0.39,1.6685973662705307,0.5751897800732646
0.391,1.1585872549252867,0.7340642534142688
0.392,6.179867849477234,1.0015844838692018
0.393,-20.57643188094797,1.4150615583426889
0.394,2.4820859459731994,1.769214113450302
0.395,0.21580513798978418,1.910649364002522
0.396,18.487994331086956,1.6878924635558397
0.397,0.6788613246825134,1.5419897590112772
0.398,-15.815576014946148,1.7640155411698188
0.399,-5.428146971738667,1.7933897747118364
0.4,-0.7706951275313678,1.7399869936822514
0.401,3.7980171725113876,1.789128979775089
0.402,7.222911891244922,1.9512649281670726
0.403,1.7399480311794784,1.7237997092612314
0.404,-1.019657284950762,1.8746734236191835
0.405,4.265159285449017,2.13627034330488
0.406,0.5764056238973555,1.9661434640599353
0.407,-4.643280469995198,1.5445280824615935
0.408,0.9145935583821954,1.3896321584241644
0.409,-1.2664307065771767,0.763344059909256
0.41,13.129277883780757,1.144814286021677
0.411,0.666228196819185,1.33931193011717
0.412,-19.617360181715547,1.5594996042903928
0.413,-8.588373032988384,1.3827169122341492
0.414,1.0311100218965858,1.3314527573413615
0.415,8.44708794822723,1.2990895759205925
0.416,2.5186819201051587,1.4866717880126432
0.417,15.127593184861482,1.2470742492550977
0.418,7.414777998688293,1.282605191952303
0.419,3.518000184544831,1.2759941102638694
0.42,0.37168350036084125,1.223278122481301
0.421,-4.282118239062161,1.268660064232637
0.422,-3.7142739316484574,1.10879499288049
0.423,-4.744182238511609,1.0548139954001456
0.424,-6.177963616394191,1.2051029392505017
0.425,14.797944257064442,0.8887380130504107
0.426,-10.80929644688387,1.390355078655564
0.427,0.6759817112980284,0.5922585306643435
0.428,5.7359005006273645,0.8678076908727552
0.429,-2.3737524002103974,0.6413337792091188
0.43,4.939396057707641,0.6041300124218195
0.431,-6.916097840204332,0.7384680688407327
0.432,17.254578042404862,0.6369271148299127
0.433,-1.3122755667553625,0.48898048159599794
0.434,2.6906792290357533,0.6518494807687504
0.435,4.926588342157734,0.5028022723027493
0.436,18.39550229791027,0.685170841288868
0.437,2.826191081623545,0.9665212357237409
0.438,14.418268136305645,1.2424320387837577
0.439,-8.118269313420742,1.4243547998087822
0.44,0.7376769753889616,1.0636864287608245
0.441,-1.4730712727301534,1.2135306003816337
0.442,-1.553684512635571,1.4714376327796583
0.443,0.34089386698164426,1.5239965740967778
0.444,4.9808275120702215,1.0114843879776136
0.445,11.230834082238843,1.3114310798499262
0.446,-0.44953543482612995,1.3624435274576803
0.447,15.61055527440473,1.766338405891782
0.448,3.69343280804337,2.1442787107924604
0.449,-13.832491922383102,2.244248076827332
0.45,-7.944946822811474,1.7392493309749135
0.451,7.522916398716734,1.811745854954057
0.452,1.6029384818623935,1.8025553746857386
0.453,9.080599621626506,1.7621427294490937
0.454,-0.5163302478071787,2.1006967068041527
0.455,9.56799852816859,2.5226643475340174
0.456,9.92920810233839,2.462836451414262
0.457,15.492577796186536,2.494687059270833
0.458,3.1346764972729266,2.369885886365766
0.459,2.1956937276938775,2.4082615999569623
0.46,-13.723659655452773,2.21456533211723
0.461,-13.072198492331564,2.1551925138102543
0.462,-11.739227021553067,2.380212437362479
0.463,-3.4124994245318985,2.6145000912578733
0.464,15.65809197341845,2.3768545075649277
0.465,11.056690421206483,2.5424664595307114
0.466,-4.615832965942352,2.5813896824857165
0.467,1.8253038900080503,2.7200791777454842
0.468,-5.079955923902754,2.948070899077734
0.469,17.53278115010521,2.912049319686503
0.47,-16.15694298676774,2.8871585777882385
0.471,10.150059443769559,2.6933474457683424
0.472,0.43274265693879843,2.831537788933717
0.473,2.3138155944077767,2.970939183442009
0.474,6.152092359042349,3.003691322762492
0.475,-9.16414095603491,2.7020200402197285
0.476,1.2836858924150176,2.899215451507288
0.477,18.92219790594527,3.022499285322044
0.478,16.443004524531965,2.779662729735319
0.479,-14.52892266388621,2.8583293006737933
0.48,10.683452512313114,2.969344123538744
0.481,-12.141916302337652,2.934961424905574
0.482,2.399813811981487,3.0266790962523467
0.483,-4.640791160457064,2.734370457991084
0.484,12.138557110806738,2.701879540093168
0.485,6.132805836488909,2.9708706716611246
0.486,17.91697043251208,3.327392988020638
0.487,-18.56093756472423,2.728101686746013
0.488,3.821923561144265,2.739687351831737
0.489,5.062500219429816,2.3714457692244366
0.49,0.883449239737117,2.866475011814326
0.491,2.1536524445853487,3.204279794841171
0.492,-3.3230519929841527,3.421371867752326
0.493,-7.834852721474634,3.531151642718038
0.494,15.313448273617587,3.673557997969493
0.495,5.605406794246519,4.025261378141568
0.496,14.018356713062918,4.028197195729901
0.497,2.686411365657674,3.7383882946917497
0.498,-6.144730653085959,3.5188191646206235
0.499,-13.748262672961726,3.2124076198474705
0.5,-1.1400518339915557,2.9074604775252477
0.501,-2.3462064842930515,2.827209800577259
0.502,-14.809701869826403,2.4111187715090283
0.503,8.95881678246214,2.235201539342829
0.504,-3.9800525200292167,2.0730693168682244
0.505,-0.3003862714774499,1.9150058579588172
0.506,2.881101129514336,2.325030467311076
0.507,7.029931269079344,2.5745835275290148
0.508,2.6699657596646578,2.9662142180740916
0.509,1.1182043079712176,3.1000631936429133
0.51,-1.748400537305072,3.2160400272898175
0.511,-17.279822654466965,2.803645378009366
0.512,-12.145466678380151,2.7162628847820534
0.513,-0.28151027037851833,2.6420667140459857
0.514,-11.066164239000845,2.3203343548434763
0.515,-6.17822594604151,1.9359002503182074
0.516,-6.631035822126627,1.9795886331536403
0.517,-10.779341393382971,1.8213632235941994
0.518,8.288941114770624,1.8277528355120296
0.519,22.333260400627218,1.758429177924096
0.52,2.413878933397508,1.4113039883366045
0.521,-1.3660983276352054,1.7658958753971177
0.522,10.072753280418688,1.9350292982683122
0.523,3.5913579534730506,1.5074681302318726
0.524,-2.5708658667162356,1.4940830995514138
0.525,-10.780124247189004,1.4467996690690248
0.526,-0.08671526990628091,1.4919579991329115
0.527,7.002948968842319,1.663577456888987
0.528,2.217126897576293,1.9584526947957968
0.529,-15.875705398732249,1.6446184243852555
0.53,18.426075796283357,1.657766822027042
0.531,-4.241099897586316,1.937543957618258
0.532,2.417829363228396,1.8892555510531244
0.533,9.124352576255466,1.852198585127038
0.534,3.6182339701888986,2.14301054595275
0.535,5.1742787577114955,2.187758715248653
0.536,-0.1102862865997211,2.5754140804951904
0.537,-4.521925728582191,2.407524462107899
0.538,-4.004989166135761,2.3397054251501794
0.539,-20.139212233234314,1.9382029300773493
0.54,-12.182320625561765,1.8752339717847644
0.541,-8.234651918218468,1.4886152763450884
0.542,4.017677011511773,1.2005673650920343
0.543,-5.466237673091936,1.2296845787084643
0.544,7.0588743777242176,1.1996868818863076
0.545,-14.997580260569181,1.1128317951307138
0.546,14.653641160387926,1.4414813473800858
0.547,-11.173913218133292,0.9549352738836451
0.548,-20.933390242689356,0.7961204041834027
0.549,-1.9516989898805104,0.7145910551755938
0.55,-15.347771166288682,0.42364312735698434
0.551,11.057806873300468,0.6978275995095886
0.552,0.6351453168117358,0.9818479818127803
0.553,-0.4723369579937198,0.3577113754497072
0.554,-13.258512835434487,0.38951898335250973
0.555,22.09544465573812,0.593881467349819
0.556,0.36113184773610024,0.361154317784114
0.557,4.707943783351695,0.5822305782897662
0.558,-18.044981483468078,0.9078011302895274
0.559,12.596284882562417,0.9119307904462725
0.56,-3.912636788780224,1.2917995049267461
0.561,2.7288303271951935,1.2466413731767836
0.562,-1.2751724818209378,1.1860131728388867
0.563,-4.441101075602685,1.2348946382881378
0.564,16.568898224352,1.4306990250108818
0.565,-1.8475654423500938,1.8072624379162638
0.566,-8.22194162888267,1.4190966548084893
0.567,-11.212321026414967,0.8973323765669092
0.568,-10.74677405536265,0.7175530609346533
0.569,5.9709132185153315,0.4637416430819526
0.57,-10.908606287087562,0.38026511389352535
0.571,6.735711939344216,0.5267945900348112
0.572,-3.788153639437148,0.6036368815748183
0.573,-6.20374099792025,0.5517629161284116
0.574,4.78648960835779,0.5213725237769308
0.575,-3.0493122390177216,0.557890648922363
0.576,6.503593641333481,0.8297910227869708
0.577,6.0116595284859695,0.8210837973984113
0.578,-1.8127007560859607,0.6627801184861241
0.579,-4.344537806849162,0.6089526770339215
0.58,-2.2178581983098224,0.45763478199887236
0.581,-13.180623707517832,0.571368937360758
0.582,-0.8474772161819624,0.7190854434705363
0.583,11.631689369371365,0.8211625220323321
0.584,-3.4356061282219224,1.0810260865826467
0.585,6.707273978806147,1.1514232246421425
0.586,-15.493565800519393,1.1524987985665802
0.587,13.052671669949252,0.9756916081684452
0.588,-1.7351323878571936,0.6141867980340582
0.589,-13.882202948118362,0.6503812430409188
0.59,7.607827360698969,0.9963403115063852
0.591,11.670516078719833,0.9472217453171573
0.592,-10.15201270646036,0.7236708604817519
0.593,-4.068818282364972,0.4556589044059751
0.594,16.89464450340052,0.03963410213383112
0.595,4.215300152621699,0.10430679137751714
0.596,-1.0849972293211831,0.35953018349562826
0.597,2.1925074816765666,0.5210858740028509
0.598,10.088554362871703,0.7982028101213955
0.599,-3.7073489725000357,1.2909221206076884
0.6,17.764137537063547,1.4848384306771671
0.601,11.75171701553593,1.5464315446455774
0.602,-3.2329719584972545,1.598407549959038
0.603,-1.742323380315399,1.4393016525235771
0.604,21.137055372877672,1.2734189902811954
0.605,-4.0018199046411596,1.2307932156176373
0.606,-4.00465078238113,1.1738794027103967
0.607,-1.28361750352789,1.1283660670867368
0.608,3.4080063804777296,1.4493862666937645
0.609,13.442338413006073,1.7420889378232716
0.61,-2.7369926276358,1.790679361364452
0.611,-2.3755611864429134,1.7337348214002601
0.612,10.150993385098847,1.9095676647291437
0.613,7.248454788359561,2.04922636116156
0.614,14.436405076427054,2.02744433844981
0.615,14.087141513841145,2.176482574150647
0.616,1.467487837781486,2.3299699741800874
0.617,21.31120590679147,2.349921453058462
0.618,-0.9851020087468549,2.199803717978819
0.619,-5.329643120846874,2.4414007652140035
0.62,-21.328583107718757,1.940265250426051
0.621,-6.090020770228,1.7498925417155808
0.622,3.2818333901825345,1.351668889704546
0.623,-4.08048457034835,1.6011826963258031
0.624,-7.074821813190105,1.4341343346941589
0.625,0.9414467391825116,1.3490671508880656
0.626,5.379255047872707,1.302371773356462
0.627,-12.23286772128629,1.5293357808657442
0.628,-4.510223167901658,1.5449717505882292
0.629,-5.934750867073517,1.170852708453732
0.63,-6.439292760442258,1.3227695543666056
0.631,14.305716325866635,1.1243241411461462
0.632,4.119942869847579,1.0804140498899957
0.633,2.105896486686216,1.0291130065629035
0.634,-9.886690992680577,0.8531396164407782
0.635,-15.249707382654202,0.7820464632859467
0.636,-8.358271521133357,0.6138291167239462
0.637,-0.5358874021950535,0.45567607670959515
0.638,4.479669272898277,0.8301159235768152
0.639,-3.0950788676123993,0.9687522611077407
0.64,-7.1825979573734156,0.7025834688234002
0.641,-14.55934037566006,0.41991411260707306
0.642,12.263378490669579,0.21201793794068122
0.643,14.431768307953803,-0.09311691559036064
0.644,12.970930712064934,-0.12933746560621587
0.645,15.298529851626709,0.39623361107999505
0.646,-1.6292052080371668,0.355424661749157
0.647,2.5034482951467876,0.41490048524624706
0.648,14.305020369900245,0.5907088459143236
0.649,4.423309325530592,0.8783255289351266
0.65,-2.714241752512255,1.0261745413735546
0.651,16.667825259098453,0.9148578308531956
0.652,6.842509142879816,0.9795714647789026
0.653,2.2522088160960747,0.8243089432987385
0.654,0.05224200701949936,1.0825343997679766
0.655,22.528530451817982,1.476855391998447
0.656,4.078453783382723,1.0384785758794628
0.657,-16.40248559101316,1.3649174275091498
0.658,9.691194265829905,1.15664437738806
0.659,12.645522173940115,1.5689270486844233
0.66,2.050463039659593,1.9597431012987114
0.661,2.74265240868269,2.0106071137562016
0.662,4.677004018576642,1.8492332088891432
0.663,-9.613981503013886,1.6665121509383474
0.664,0.46119669816049863,1.6801646149046694
0.665,-4.671977618466339,1.71807374244175
0.666,-0.08769918612829843,1.414873628423115
0.667,5.914954315245575,1.3745394864583425
0.668,15.549808518987769,1.7431595185342657
0.669,-12.73536921690078,1.6182150970646745
0.67,-2.7714755983789106,1.453526538675049
0.671,1.2054440899804504,1.402333224404773
0.672,-3.4130207363218212,1.2406050086131182
0.673,-14.2435836386962,0.8549768930912649
0.674,2.690204467755669,0.8939086740098132
0.675,4.196808894609084,1.1540778745357
0.676,13.186253015307738,1.5371237392191703
0.677,5.17481378344317,1.6200047114230094
0.678,-0.8367609179562544,1.8071267747740254
0.679,1.8635951253419785,1.7584892533383998
0.68,-1.5170895617919884,1.8013673523946914
0.681,-8.764097328962528,1.8327439102149785
0.682,-15.813981408499295,1.9721885263364545
0.683,-4.0112749759311015,2.193789210220208
0.684,-5.192943596698205,2.02621863969608
0.685,11.51232155558845,1.7898894071215867
0.686,-13.84001965097173,1.6701492556119693
0.687,-0.23878315254720225,1.9203829926137668
0.688,-3.527629340402919,1.6522590835305355
0.689,0.755753465515644,1.4503170033186172
0.69,-1.1368738923742387,1.4958571512682899
0.691,13.933373553635644,1.4381426710968228
0.692,-7.776000405737835,1.3899954044683154
0.693,0.17994361812879256,1.3398243035707795
0.694,-6.692548277023005,1.2742660322678239
0.695,13.461134292455272,1.255248028541994
0.696,-2.124785971468669,1.232344525058226
0.697,-0.09318792322446955,1.2852870772954037
0.698,3.9497711459894895,1.242268572797696
0.699,-10.346213735408439,1.1285109470387729
0.7,8.886021828259318,1.073944091789609
0.701,0.3853153237985416,1.0263377863486232
0.702,4.132867307264047,1.2924267243439405
0.703,10.595276177823335,1.5590472895432843
0.704,-11.845954220918616,1.4365035859700719
0.705,12.206284717059194,1.201099034310389
0.706,12.20796321033013,1.4426868844822363
0.707,6.108099667818576,1.1285578159018694
0.708,20.917957903108885,1.5141810724507019
0.709,-11.145655076681862,1.480783671823211
0.71,-1.7715155998331245,1.5260836492628531
0.711,-0.6153617781301772,1.6823676133086698
0.712,-10.419924866568788,1.629273748338074
0.713,-7.618875686737508,1.5489788873244075
0.714,2.8496530463730116,1.1573458714236742
0.715,-6.944714796361917,1.1901879802889441
0.716,13.478868167796106,1.0947923445856222
0.717,1.650388999156337,1.2585691149833258
0.718,3.145071694238321,1.0010975397508217
0.719,-9.844935563747255,1.2415129391524447
0.72,-4.840851445971425,0.9312568409645487
0.721,1.1476997840088914,0.7886979541551076
0.722,3.296847813333916,0.6875694287897748
0.723,12.218504748198477,0.9387972031034463
0.724,-2.252035845506731,0.42235882320620133
0.725,2.983855156548887,0.17465427912370177
0.726,14.604951958034722,0.5545338840062747
0.727,4.011386288954076,0.12138129314819528
0.728,4.209086627262685,0.1708676267606098
0.729,18.930687389154144,-0.0715217578839597
0.73,-2.812150651771895,-0.41207384126866275
0.731,-1.2315336168207414,-0.5618608965205112
0.732,-3.595167475196042,-0.30697443181054535
0.733,5.814523599945631,-0.13763007171599376
0.734,-5.4120527063303765,-0.2065917561429784
0.735,-1.9724821405851085,-0.3565568154543843
0.736,9.357254079236514,-0.026587481356894076
0.737,12.172628239647091,0.1400070034969441
0.738,-1.241507081740417,0.1077253743649586
0.739,2.128052504119596,0.06777396696191142
0.74,-9.353250294437267,-0.011247015398078404
0.741,17.024027445504043,-0.10282484738558026
0.742,-14.747665016730872,-0.24360023011721926
0.743,12.541986499216843,-0.40984857242942074
0.744,-9.000197936357806,-0.370503826955542
0.745,5.861266642584149,-0.2941509769129427
0.746,11.511514470556723,-0.2232711239302346
0.747,-3.095867703532869,-0.04794924127815775
0.748,1.9368099741984386,-0.19589268396713516
0.749,-2.516381352559736,-0.04528043244157669
0.75,-10.405302301608899,-0.11043079627205199
0.751,-17.62330496208423,-0.18918685959385212
0.752,-14.155491819114173,-0.704561234614381
0.753,1.295759420635866,-1.0773063829835998
0.754,4.401648109176625,-1.121690527537761
0.755,-5.040432440684495,-0.7772565836192021
0.756,-3.175252128688797,-0.6726742695917303
0.757,-2.62546070280017,-0.8320271124172504
0.758,11.797353257035377,-0.8447367443610407
0.759,4.224853263516398,-0.4495274070854394
0.76,-21.424253247668833,-0.543107998030795
0.761,-14.739284121867694,-0.4039808871627017
0.762,1.8728664379726478,-0.46069369997861614
0.763,-0.6030027576001065,-0.41473438250841743
0.764,1.3634821671112294,0.005734834245940394
0.765,-0.22286084083775573,0.056446393566865045
0.766,-18.141557800135413,0.3958286908619585
0.767,-2.9385764275729174,0.21091969605023317
0.768,-0.5771928842506217,0.05584528653583753
0.769,-0.714530640173504,0.3158924033740291
0.77,0.7407405277126153,0.6263868188458841
0.771,-0.8802323880307525,0.8858112249875544
0.772,-8.541554302036358,1.0250797274568102
0.773,-11.025392895870018,1.1485648953374217
0.774,-3.506668060431617,1.0906851807846616
0.775,0.30909821133730275,1.0401255393418198
0.776,7.394800873665252,1.1091966814831824
0.777,-15.295484474014835,1.3181137815075363
0.778,1.3581184180263661,0.9375091197734936
0.779,-4.587564055288885,1.0839642454779101
0.78,3.4866040254765283,1.0490275100077515
0.781,-3.5444682051695766,1.2929978779559272
0.782,13.655439033942919,1.4836295258607384
0.783,-1.8158277512073249,1.3420628970307282
0.784,-2.5295542214929987,1.1895225432704246
0.785,15.019538949888519,1.5742417213029969
0.786,-2.714422596266101,1.2340991204508396
0.787,-2.3696074065285653,0.8755364895159782
0.788,9.155380893286601,1.054637342624304
0.789,2.413776697043545,1.4530365113176833
0.79,2.8952335034733516,1.5055543556142976
0.791,-20.283041193415535,1.929560544659101
0.792,-18.818794518611323,1.8787613128100706
0.793,-13.192328196957815,1.5508703799108396
0.794,7.187142879465735,1.4916841377668955
0.795,-13.680718100425288,1.3800370118902747
0.796,10.861963415153914,1.3853037630728748
0.797,-4.133800460027676,1.2591931313505809
0.798,-0.1450780197832507,1.1126291908264883
0.799,2.5500510403858714,1.5274691913219527
0.8,-13.933000836395703,1.8433116553554731
0.801,0.7772847400197701,1.7816174452663747
0.802,-1.3075372669050522,1.8243027682371384
0.803,-0.02888471960407312,1.7709902979619234
0.804,4.732407894431341,1.2548135134491276
0.805,5.10431575394576,1.413116979156943
0.806,3.050649543085818,1.9274743635652551
0.807,1.0753907243176233,2.2754484026316137
0.808,0.0864862225615771,1.9590668580130708
0.809,-4.095890438141846,1.6835445269329545
0.81,10.195737790388133,1.451185301975548
0.811,15.141533763460782,1.4243280275956312
0.812,17.605153922888945,1.3689931184153397
0.813,-0.020520449293667812,1.11867940779009
0.814,-0.01572648282253261,1.375440778096864
0.815,4.3324751474576395,1.741130008183402
0.816,0.15614210066554812,1.2161744677056532
0.817,0.19225159966672148,0.7998049446607512
0.818,0.5651981087206251,1.3238878963591099
0.819,-12.564139895938268,1.73911827263372
0.82,-18.742426637914885,1.7460680263485011
0.821,4.726106848307476,1.573552915180147
0.822,-21.286726484585035,1.5408988888487207
0.823,-6.2854415004602675,1.2482318575406746
0.824,-5.584278702170408,1.2529137751237216
0.825,6.819658804870611,1.2611093927254697
0.826,-6.943056745786145,0.6825969677495656
0.827,-3.258927222668912,0.9361884368967108
0.828,6.10643196304125,1.0072406443583328
0.829,-1.1214438769489774,1.1482820983103423
0.83,16.903250639799783,1.240163666082787
0.831,0.253655728364824,1.0980044841029701
0.832,-12.498085969808207,1.1869584179088553
0.833,-5.745123171561932,1.498269490016287
0.834,6.598492972983914,1.569886837146961
0.835,-17.95559593241425,1.7718141019999363
0.836,3.323919872350903,1.3996427717346207
0.837,1.3815507584703677,0.9841022476577231
0.838,3.262873246747316,0.7264569976414094
0.839,-16.32909056324086,0.731985551844741
0.84,12.05004080828445,0.839877533532299
0.841,-8.656016814390192,0.39364186388927064
0.842,5.789034607662288,0.2649630874629955
0.843,-10.632083822864793,0.1927762441145132
0.844,3.498899639006196,0.10587089109046495
0.845,9.099137462869056,0.48799974639330534
0.846,18.02671893129212,1.1148595758633324
0.847,1.0413035604686312,0.7753478277938898
0.848,-13.20316481562304,1.2109840943918433
0.849,2.2074288181516906,1.037883756112852
0.85,2.64178732161103,1.089456090830101
0.851,1.2709769798608384,1.4513205901488488
0.852,-1.9009286003307833,1.4482282582536057
0.853,-2.730580738588796,1.8031769603217889
0.854,1.1910929431531914,2.221746474637817
0.855,1.3287203025257737,2.1564119013913237
0.856,0.8423805234474875,1.9988257027636263
0.857,0.9317412168118897,2.143774198673669
0.858,3.6960896797011875,2.193004029419154
0.859,-20.15077699961862,1.8930094572913698
0.86,-6.252091790342146,2.1050597142128886
0.861,-11.258226753961024,1.8285940652399588
0.862,-1.3835309923368917,1.5358441178708337
0.863,1.751794716678943,1.3896211656321884
0.864,5.727908202182079,1.6510338660921655
0.865,-13.498782804619617,1.4513532897144152
0.866,2.589108579062873,1.172893220321283
0.867,0.43601363892334805,1.2256912936604476
0.868,1.2565116592034729,1.2768110927845475
0.869,2.798109554655714,1.3330395644575952
0.87,-0.08256878867154611,1.4786579464738971
0.871,2.440679316124413,1.8981278588900818
0.872,1.5101342574203214,1.8363987378520017
0.873,-3.713160549893627,1.6694333837512394
0.874,-13.652339146183454,1.6940559250027947
0.875,-11.192747234885383,1.7226172443988272
0.876,2.2517711582124957,1.5641252279913445
0.877,2.8883620338625744,1.7204623555606806
0.878,-14.082768048436257,2.0471385380183684
0.879,-2.1912391604196952,1.7534956304016922
0.88,1.2777088122299765,1.597207774518374
0.881,2.885077875780795,1.5472006288058149
0.882,-1.6447528639850277,1.485222405459834
0.883,-4.551640512282491,1.5279378308652238
0.884,6.028843808985022,1.2875503877010501
0.885,2.688651655226161,1.3337409560849156
0.886,-12.613991830838017,1.1280229943456481
0.887,-1.1865267678265956,1.071021579510652
0.888,18.213368952687112,0.8442434123416542
0.889,-3.409527225408391,1.2168879922250793
0.89,-4.5817778247683485,0.7041531388868321
0.891,-3.1832197765551244,0.4426173500960601
0.892,14.64616916684922,0.6275985381575298
0.893,-12.978986967567618,0.6178239017802348
0.894,10.646459836632834,0.4626145604192848
0.895,-10.044775866460276,0.3729517974393276
0.896,0.6036084774689214,0.3982962592806291
0.897,2.462274276102361,0.09039676882195241
0.898,-1.8100252186467702,0.24085056799236815
0.899,-15.073025940111393,0.04295852775250334
0.9,-3.6236313779400766,-0.3391416656632593
0.901,7.570130086012702,-0.4707548017304335
0.902,-0.9498831053667108,-0.798451650832599
0.903,2.752721872950299,-1.0531413604222801
0.904,2.102614188948034,-1.1017228783176618
0.905,7.030803737770386,-0.9330210680247941
0.906,1.6946698548993977,-0.5368552997887124
0.907,0.8167903543062117,-0.480790292326134
0.908,-4.667775032160641,-0.5478789706660305
0.909,15.978068542499829,-0.8579140339975732
0.91,0.2333294024124314,-0.6900879923125575
0.911,12.088069405179269,-0.30703058223729224
0.912,-8.853532610279466,-0.4353004282426705
0.913,0.12661256203575905,-0.6922998473313116
0.914,11.138885317841906,-0.41680136353417974
0.915,9.644987716714885,-0.5705041918470067
0.916,-13.75335638065262,-0.5835822418251588
0.917,8.420107835609505,-0.41662990654634435
0.918,-9.419448946355109,-0.5394753522195808
0.919,-9.37402060593755,-1.1849858760059826
0.92,9.434303678338676,-1.2044619441364508
0.921,20.16287931118296,-1.2278935144479268
0.922,14.309557648825324,-1.1678959100342934
0.923,1.3865213322711982,-1.315153848146937
0.924,-6.523852039190884,-0.9674736982628146
0.925,-10.435747751686694,-0.9190450032980858
0.926,-8.391463034108448,-0.6934107561347315
0.927,5.626116295286327,-0.6407204043671915
0.928,-2.9667185202156086,-0.4909049448686873
0.929,-1.6661956813361032,-0.5465689078297705
0.93,-4.805741307427456,-0.39427928769823517
0.931,10.022426814442934,-0.8017657601279189
0.932,0.4108231928164546,-0.5406516982704983
0.933,-12.560282814557523,-0.9194586520923264
0.934,-9.1131257728029,-1.0064741549097953
0.935,-1.2355431850135261,-1.2708199596191794
0.936,2.0224008383494056,-1.4189079101110396
0.937,-4.960313039730416,-1.586897372558471
0.938,5.360149993928536,-1.7207088657751957
0.939,11.031284890091946,-1.775498450473686
0.94,-11.57356923167942,-1.611365181204844
0.941,0.4733046282919127,-1.557934359161792
0.942,-2.273271036763322,-1.404025582436737
0.943,1.2033812929925407,-1.4521511078471305
0.944,3.746884220922498,-1.6045989600303263
0.945,5.391979289701625,-1.6481500315574749
0.946,9.881270490548475,-1.6854675224789286
0.947,9.066028130376115,-1.432218864388739
0.948,16.954351957149996,-1.456042781821723
0.949,8.623847956075354,-0.9617901714584592
0.95,3.908847064191203,-1.0212746340653356
0.951,5.326733107135102,-1.1735391439668232
0.952,7.639162774549601,-1.3267907797076295
0.953,-0.6513996319149623,-1.22985776327102
0.954,12.477761480716683,-1.568449465410208
0.955,15.14513809164349,-1.2873373183068777
0.956,-3.446597974241668,-1.5480965929686663
0.957,-7.518615570741261,-1.5016376508494738
0.958,-12.741936053876149,-1.7702147513504163
0.959,-7.508104034712231,-2.1467406413083423
0.96,13.777401212563339,-1.9596985031176692
0.961,5.339711072661022,-1.862835224406989
0.962,-7.077180174480604,-1.7254484591678414
0.963,-8.572639513506221,-1.7133142914372048
0.964,-2.753369465380974,-1.8673880668347733
0.965,-0.4258816622094001,-1.811497302769737
0.966,-5.258451600504086,-1.8694187785642924
0.967,-7.531829723681073,-2.122241748681152
0.968,14.195546957673287,-1.9097401870256827
0.969,-0.9060916743028935,-1.632331479623332
0.97,-7.388422946128538,-2.0039922095137315
0.971,4.0127278871780625,-2.1341687171920176
0.972,10.581390012966112,-2.2357402860681193
0.973,1.696725414839,-2.173213274285712
0.974,-7.389901068756097,-2.581112500972623
0.975,6.139084403835757,-2.804529883308631
0.976,5.184822596500338,-2.388180971163703
0.977,-1.0628755644934225,-2.329765531984159
0.978,1.8059853802429688,-2.470491203738343
0.979,11.62257367502207,-2.3867175276176273
0.98,19.147532240762402,-2.2128824282610915
0.981,11.336704614627166,-2.134413383892929
0.982,6.1704804011916625,-1.6496882688952568
0.983,-7.54398056159177,-1.5149341356718344
0.984,-18.18345169895368,-1.5853240136031832
0.985,1.060524756792942,-1.9589842551322958
0.986,2.532700347644623,-1.7958686874261756
0.987,7.026122741862809,-1.5272050379099626
0.988,-8.267547280146319,-1.5054500900304832
0.989,-14.308323667064379,-1.7888775203100822
0.99,5.6482751397524,-1.6815899020206864
0.991,1.4230155816714707,-1.9927479386555016
0.992,-1.990900598627044,-2.045820037809891
0.993,13.375778203071008,-1.8583245193238407
0.994,0.8965900458760108,-1.7659445347028575
0.995,-4.829276340119303,-1.4109181588720987
0.996,6.352247536749835,-1.3370860768634334
0.997,-12.478075043613082,-1.2116352893721003
0.998,14.210436672044974,-0.9929682239393232
0.999,-8.073917614731501,-0.9360313433894362
1.0,-23.695854074162003,-1.1749726069513269
